<?xml version="1.0" encoding="UTF-8"?>
<!DOCTYPE configuration 
    PUBLIC "-//mybatis.org//DTD Config 3.0//EN"
    "http://mybatis.org/dtd/mybatis-3-config.dtd">
    <configuration>
    
        <typeAliases>
            <typeAlias type="com.readme.dto.MemberVO" alias="memberVO"/>
            <typeAlias type="com.readme.dto.MemberDetailVO" alias="memberDetailVO"/>
            <typeAlias type="com.readme.dto.MemberProfileVO" alias="memberProfileVO"/>
            <typeAlias type="com.readme.dto.SkillRelVO" alias="skillRelVO"/>
            <typeAlias type="com.readme.dto.MemberLikeVO" alias="memberLikeVO"/>
        </typeAliases>
        
        
        
<!--         <mappers>
        	<mapper resource = "mappers/memberMapper.xml" />
        </mappers> -->
        
    </configuration>
