<?xml version="1.0" encoding="UTF-8"?>
<beans xmlns="http://www.springframework.org/schema/beans"
   xmlns:xsi="http://www.w3.org/2001/XMLSchema-instance"
   xmlns:aop="http://www.springframework.org/schema/aop"
   xmlns:context="http://www.springframework.org/schema/context"
   xmlns:jdbc="http://www.springframework.org/schema/jdbc"
   xmlns:mybatis-spring="http://mybatis.org/schema/mybatis-spring"
   xsi:schemaLocation="http://www.springframework.org/schema/jdbc http://www.springframework.org/schema/jdbc/spring-jdbc-4.3.xsd
      http://mybatis.org/schema/mybatis-spring http://mybatis.org/schema/mybatis-spring-1.2.xsd
      http://www.springframework.org/schema/beans https://www.springframework.org/schema/beans/spring-beans.xsd
      http://www.springframework.org/schema/context http://www.springframework.org/schema/context/spring-context-4.3.xsd
      http://www.springframework.org/schema/aop http://www.springframework.org/schema/aop/spring-aop-4.3.xsd">
   
    <!-- Root Context: defines shared resources visible to all other web components -->
    
    <!-- MySQL dataSource -->
    <bean id="dataSource"
        class="org.springframework.jdbc.datasource.DriverManagerDataSource">
        <property name="driverClassName" value="net.sf.log4jdbc.sql.jdbcapi.DriverSpy"></property>
        <property name="url"
            value="jdbc:log4jdbc:mysql://127.0.0.1:3306/readme?allowMultiQueries=true&amp;useSSL=false&amp;serverTimezone=UTC"></property>
        <property name="username" value="root"></property>
        <property name="password" value="password"></property>
    </bean>
 
    <!-- mybatis SqlSessionFactoryBean -->
    <bean id="sqlSessionFactory" class="org.mybatis.spring.SqlSessionFactoryBean">
        <property name="dataSource" ref="dataSource"></property>
        <property name="configLocation" value="classpath:/mybatis-config.xml"></property>
        <property name="mapperLocations" value="classpath:mappers/**/*Mapper.xml"></property>
    </bean>
    
        <!-- mybatis      -->
    <bean id="sqlSession" class="org.mybatis.spring.SqlSessionTemplate"
        destroy-method="clearCache">
        <constructor-arg name="sqlSessionFactory" ref="sqlSessionFactory"></constructor-arg>
    </bean>

   <context:component-scan base-package="com.readme.dao"></context:component-scan>
   <context:component-scan base-package="com.readme.service"></context:component-scan>
   <context:component-scan base-package="com.readme.utils"></context:component-scan>
 
</beans>


